{
    "acelleration": 12,
    "acurrancy": 27,
    "ammo_storage": 9,
    "bullets_per_reload": 1,
    "bullets_per_shot": 3,
    "damaged_sprite": "NavalWarfare/main_content/warships_storage/uss_baltimore/uss_baltimore_damaged.png",
    "default_sprite": "NavalWarfare/main_content/warships_storage/uss_baltimore/uss_baltimore_default.png",
    "desacelleration": 5,
    "max_damage": 609,
    "max_integrity": 1771,
    "max_speed": 41,
    "min_damage_factor": 0.33,
    "name": "USS Baltimore",
    "reload_time": 3,
    "repair": 194,
    "repaired_sprite": "NavalWarfare/main_content/warships_storage/uss_baltimore/uss_baltimore_repaired.png"
}