{
    "acceleration": 11,
    "acurrancy": 23,
    "ammo_storage": 12,
    "bullets_per_reload": 2,
    "bullets_per_shot": 3,
    "damaged_sprite": "NavalWarfare/main_content/warships_storage/hms_belfast/hms_belfast_damaged.png",
    "default_sprite": "NavalWarfare/main_content/warships_storage/hms_belfast/hms_belfast_default.png",
    "desacceleration": 4,
    "max_damage": 456,
    "max_integrity": 1444,
    "max_speed": 39,
    "min_damage_factor": 0.33,
    "name": "HMS Belfast",
    "reload_time": 2,
    "repair": 205,
    "repaired_sprite": "NavalWarfare/main_content/warships_storage/hms_belfast/hms_belfast_repaired.png"
}