{
    "acelleration": 10,
    "acurrancy": 41,
    "ammo_storage": 8,
    "bullets_per_reload": 1,
    "bullets_per_shot": 4,
    "damaged_sprite": "NavalWarfare/main_content/warships_storage/fs_richelieu/fs_richelieu_damaged.png",
    "default_sprite": "NavalWarfare/main_content/warships_storage/fs_richelieu/fs_richelieu_default.png",
    "desacelleration": 5,
    "max_damage": 1520,
    "max_integrity": 2050,
    "max_speed": 59,
    "min_damage_factor": 0.25,
    "name": "FS Richelieu",
    "reload_time": 3,
    "repair": 424,
    "repaired_sprite": "NavalWarfare/main_content/warships_storage/fs_richelieu/fs_richelieu_repaired.png"
}