{
    "acceleration": 12,
    "acurrancy": 29,
    "ammo_storage": 8,
    "bullets_per_reload": 2,
    "bullets_per_shot": 2,
    "damaged_sprite": "NavalWarfare/main_content/warships_storage/dkm_prinz_eugen/dkm_prinz_eugen_damaged.png",
    "default_sprite": "NavalWarfare/main_content/warships_storage/dkm_prinz_eugen/dkm_prinz_eugen_default.png",
    "desacceleration": 5,
    "max_damage": 406,
    "max_integrity": 1803,
    "max_speed": 39,
    "min_damage_factor": 0.5,
    "name": "DKM Prinz Eugen",
    "reload_time": 2,
    "repair": 163,
    "repaired_sprite": "NavalWarfare/main_content/warships_storage/dkm_prinz_eugen/dkm_prinz_eugen_repaired.png"
}