{
    "acelleration": 10,
    "acurrancy": 42,
    "ammo_storage": 9,
    "bullets_per_reload": 1,
    "bullets_per_shot": 3,
    "damaged_sprite": "NavalWarfare/main_content/warships_storage/uss_missouri/uss_missouri_damaged.png",
    "default_sprite": "NavalWarfare/main_content/warships_storage/uss_missouri/uss_missouri_default.png",
    "desacelleration": 5,
    "max_damage": 1218,
    "max_integrity": 2231,
    "max_speed": 30,
    "min_damage_factor": 0.33,
    "name": "USS Missouri",
    "reload_time": 3,
    "repair": 330,
    "repaired_sprite": "NavalWarfare/main_content/warships_storage/uss_missouri/uss_missouri_repaired.png"
}